fecha,eth,usd,valor
2021-03-22 00:03:48.072265,0.11722,205.91,(@ $1,756.55/ETH)
