fecha,eth,usd,valor
2021-03-23 23:34:17.559467,0.39070,645.22,1651.47
